{
  "Monoxide": 2.2963594457918313,
  "R=0": 2.4199680875479794,
  "R=E(f_B)": 2.7187259234541625,
  "R=E(f_A)+E(f_B)": 1.2961318592539435,
  "R=1 ETH/CTX": 1.2914670779542698
}