{
  "Monoxide": 2.1439254302633213,
  "R=0": 13.024074416158683,
  "R=E(f_B)": 13.351594793413852,
  "R=E(f_A)+E(f_B)": 1.5622501281145018,
  "R=1 ETH/CTX": 1.487792478303176
}