{
  "Monoxide": 0.6813560548500307,
  "R=0": 0.537919541574085,
  "R=E(f_B)": 0.512504266343976,
  "R=E(f_A)+E(f_B)": 0.7077480941042836,
  "R=1 ETH/CTX": 0.7111715416417943
}