{
  "Monoxide": 0.760636,
  "R=0": 0.6813560548500307,
  "R=E(f_B)": 0.5473201104988527,
  "R=E(f_A)+E(f_B)": 0.6813560548500307,
  "R=1 ETH/CTX": 0.6813560548500307
}