{
  "R=E(f_B)": {
    "epochs": [
      0,
      1,
      2,
      3,
      4,
      5,
      6,
      7,
      8,
      9,
      10,
      11,
      12,
      13,
      14,
      15,
      16,
      17,
      18,
      19,
      20,
      21,
      22,
      23,
      24,
      25,
      26,
      27,
      28,
      29,
      30,
      31,
      32,
      33,
      34,
      35,
      36,
      37,
      38,
      39,
      40,
      41,
      42,
      43,
      44,
      45,
      46,
      47,
      48,
      49,
      50,
      51,
      52,
      53,
      54,
      55,
      56,
      57,
      58,
      59,
      60,
      61
    ],
    "cumulative_subsidy_eth": [
      0.0,
      0.0,
      0.018580757570173585,
      0.025221615844947982,
      0.03579695522087298,
      0.046235838604850546,
      0.05440045545637113,
      0.0655898467960595,
      0.07636987015990562,
      0.08953787338283156,
      0.10047709540394968,
      0.10923302155390908,
      0.12317427539787042,
      0.13365864411249712,
      0.14398381416985184,
      0.1610862984939284,
      0.16920543001479985,
      0.1794851147415054,
      0.1862851716735518,
      0.20152275744101364,
      0.21093822088538558,
      0.22901863981841863,
      0.237774565968378,
      0.24748568406196936,
      0.2585613620750349,
      0.2737989478424967,
      0.2876264883598352,
      0.29274358805786344,
      0.3141671787936083,
      0.3259251367664109,
      0.34468783565918104,
      0.3629501959148107,
      0.39212903552623385,
      0.4199660578835074,
      0.4521469293177738,
      0.48148496758646886,
      0.48739806057085705,
      0.48935392978877007,
      0.5038864929311702,
      0.5038864929311702,
      0.5171454668153944,
      0.5171454668153944,
      0.5195334466744742,
      0.5195334466744742,
      0.5215120585577118,
      0.521921426533554,
      0.5305181540262415,
      0.5305181540262415,
      0.5447550625194222,
      0.5523056274071794,
      0.5658602559406231,
      0.5769359339536886,
      0.5996558566129339,
      0.5996558566129339,
      0.6276520776274794,
      0.6599011770577196,
      0.6940151750445743,
      0.7281291730314291,
      0.7622431710182839,
      0.7963571690051386,
      0.8304711669919935,
      0.8516218457438435
    ]
  },
  "R=E(f_A)+E(f_B)": {
    "epochs": [
      0,
      1,
      2,
      3,
      4,
      5,
      6,
      7,
      8,
      9,
      10,
      11,
      12,
      13,
      14,
      15,
      16,
      17,
      18,
      19,
      20,
      21,
      22,
      23,
      24,
      25,
      26,
      27,
      28,
      29,
      30,
      31,
      32,
      33,
      34,
      35,
      36,
      37,
      38,
      39,
      40,
      41,
      42,
      43,
      44,
      45,
      46,
      47,
      48,
      49,
      50,
      51,
      52,
      53,
      54,
      55,
      56,
      57,
      58,
      59,
      60,
      61,
      62,
      63,
      64,
      65,
      66,
      67,
      68,
      69,
      70,
      71,
      72,
      73,
      74,
      75
    ],
    "cumulative_subsidy_eth": [
      0.0,
      0.049946215690385765,
      0.10797621195493802,
      0.22381967464723448,
      0.34731385824008143,
      0.46683832815811444,
      0.5887446262810357,
      0.7059594446064498,
      0.8502404925328676,
      0.9782818026986831,
      1.0460556416195967,
      1.1465254858985232,
      1.2713188485122182,
      1.3809551225493508,
      1.511811320593671,
      1.6379760388404836,
      1.7690487667216115,
      1.8906663583954555,
      1.9925075583074994,
      2.1410470263578083,
      2.263675090603423,
      2.349493082591673,
      2.499764789336446,
      2.5912847336939735,
      2.7136962681027805,
      2.8291788477337305,
      2.949858143448073,
      3.0714757351219166,
      3.204930291207933,
      3.3035235435678563,
      3.435173684347139,
      3.5158671368642653,
      3.6321436592301777,
      3.7275611406502502,
      3.8052953520643333,
      3.928573005820372,
      4.048386182187482,
      4.131172756460419,
      4.252429465072916,
      4.360405677027854,
      4.467010533349675,
      4.567480377628601,
      4.674085233950422,
      4.795486295787457,
      4.836410434944175,
      4.936447219549485,
      4.976288709522163,
      5.004509764919476,
      5.087873752090568,
      5.124178588062048,
      5.1574520063182145,
      5.205882513150943,
      5.247817124879432,
      5.279213951216596,
      5.352401036057711,
      5.417432163712389,
      5.4814528187952964,
      5.568858696253471,
      5.587985498504847,
      5.587985498504847,
      5.587985498504847,
      5.587985498504847,
      5.622991155455479,
      5.675174846126214,
      5.698487891889212,
      5.749588933375908,
      5.791523545104396,
      5.885858377340428,
      5.936309829316699,
      6.043925158210291,
      6.117834009174099,
      6.2332444121927795,
      6.356305536112011,
      6.516826321799031,
      6.7019593322698965,
      6.79614981128139
    ]
  },
  "R=1 ETH/CTX": {
    "epochs": [
      0,
      1,
      2,
      3,
      4,
      5,
      6,
      7,
      8,
      9,
      10,
      11,
      12,
      13,
      14,
      15,
      16,
      17,
      18,
      19,
      20,
      21,
      22,
      23,
      24,
      25,
      26,
      27,
      28,
      29,
      30,
      31,
      32,
      33,
      34,
      35,
      36,
      37,
      38,
      39,
      40,
      41,
      42,
      43,
      44,
      45,
      46,
      47,
      48,
      49,
      50,
      51,
      52,
      53,
      54,
      55,
      56,
      57,
      58,
      59,
      60,
      61,
      62,
      63,
      64,
      65,
      66,
      67,
      68,
      69,
      70,
      71,
      72,
      73,
      74,
      75
    ],
    "cumulative_subsidy_eth": [
      0.0,
      1001.0,
      1884.0,
      3232.9999999999995,
      4503.0,
      5901.0,
      7744.0,
      9321.0,
      10870.0,
      12870.0,
      14074.000000000002,
      15838.0,
      17077.0,
      18443.0,
      20351.000000000004,
      22324.000000000004,
      24045.000000000004,
      25857.000000000004,
      28053.0,
      29471.000000000004,
      30592.000000000004,
      32426.000000000007,
      34111.00000000001,
      35614.00000000001,
      37320.00000000001,
      39097.00000000001,
      40708.00000000001,
      41678.00000000001,
      43598.00000000001,
      45052.00000000001,
      46897.00000000001,
      48227.00000000001,
      49416.00000000001,
      50910.00000000001,
      52418.00000000001,
      54050.00000000001,
      55812.00000000001,
      57799.00000000001,
      59092.0,
      60997.0,
      62267.0,
      63142.0,
      64822.0,
      65787.0,
      66980.0,
      67818.0,
      68764.0,
      69854.0,
      70355.0,
      70910.0,
      71523.0,
      71799.00000000001,
      72459.00000000001,
      72981.00000000001,
      73486.00000000001,
      74122.00000000001,
      75475.00000000001,
      76145.00000000001,
      76894.00000000001,
      78363.00000000003,
      78363.00000000003,
      78759.00000000003,
      78759.00000000003,
      79407.00000000003,
      79780.00000000003,
      80077.00000000003,
      80735.00000000003,
      81823.00000000003,
      82677.00000000004,
      84587.00000000004,
      86170.00000000003,
      87773.00000000003,
      89433.00000000001,
      91128.00000000001,
      93197.00000000001,
      94160.00000000001
    ]
  }
}