{
  "R=E(f_B)": {
    "epochs": [
      0,
      1,
      2,
      3,
      4,
      5,
      6,
      7,
      8,
      9,
      10,
      11,
      12,
      13,
      14,
      15,
      16,
      17,
      18,
      19,
      20,
      21,
      22,
      23,
      24,
      25,
      26,
      27,
      28,
      29,
      30,
      31,
      32,
      33,
      34,
      35,
      36,
      37,
      38,
      39,
      40,
      41,
      42,
      43,
      44,
      45,
      46,
      47,
      48,
      49,
      50,
      51,
      52,
      53,
      54,
      55,
      56,
      57,
      58,
      59,
      60,
      61,
      62,
      63,
      64,
      65,
      66,
      67,
      68,
      69,
      70,
      71,
      72,
      73,
      74,
      75,
      76,
      77,
      78,
      79,
      80,
      81,
      82,
      83,
      84,
      85,
      86,
      87,
      88,
      89,
      90,
      91,
      92,
      93,
      94,
      95,
      96,
      97,
      98,
      99,
      100,
      101,
      102,
      103,
      104,
      105,
      106,
      107,
      108,
      109,
      110,
      111,
      112,
      113,
      114,
      115,
      116,
      117,
      118,
      119,
      120,
      121,
      122,
      123,
      124,
      125,
      126,
      127,
      128,
      129,
      130,
      131,
      132,
      133,
      134,
      135,
      136,
      137,
      138,
      139,
      140,
      141,
      142,
      143,
      144,
      145,
      146,
      147,
      148,
      149,
      150,
      151,
      152,
      153,
      154,
      155,
      156,
      157,
      158
    ],
    "cumulative_subsidy_eth": [
      0.0,
      0.012377822010941088,
      0.02510785846934798,
      0.03159866757264636,
      0.047800532156073314,
      0.06435461118696607,
      0.0714492164859201,
      0.08161311911279043,
      0.09001594950233174,
      0.09700992210200984,
      0.10274598596073864,
      0.10682161028141436,
      0.12060829008221867,
      0.12292284216556537,
      0.13912470674899233,
      0.15255917210233086,
      0.1560813165769889,
      0.1653898412600137,
      0.18295024728366588,
      0.20212077649573318,
      0.21525334375124383,
      0.23331691327127574,
      0.2548019945666898,
      0.26753203102509665,
      0.28237535416829834,
      0.2986778514510013,
      0.3088417540778716,
      0.32267875022831394,
      0.33359739809975386,
      0.3508055896759402,
      0.3571957660799626,
      0.3592084200654815,
      0.3701773842865594,
      0.37883179642429055,
      0.3882912701562293,
      0.4041409202921904,
      0.4164684259534935,
      0.4240661947488273,
      0.4375509764518037,
      0.454910117076904,
      0.4743825443867991,
      0.49143978691407153,
      0.506786273553653,
      0.5333029898128642,
      0.5551906019053819,
      0.5742101820685354,
      0.5914686899943596,
      0.6208031218332973,
      0.6426404175761772,
      0.6690061847864744,
      0.6987934637721539,
      0.7245554347867955,
      0.7487575989626599,
      0.7816644916258937,
      0.806118237549948,
      0.8375659560736806,
      0.8568371179850237,
      0.8768630251409366,
      0.8936183695703812,
      0.9317581625959639,
      0.9675330871885619,
      0.9927918947068238,
      1.0311329531309583,
      1.0613730792633795,
      1.0989593924429446,
      1.1343821025880767,
      1.1482694150881572,
      1.175289294843748,
      1.1917930575250026,
      1.2088503000522752,
      1.2318448718368284,
      1.2458831333858225,
      1.2648020808496998,
      1.273255227588879,
      1.28588463134801,
      1.2919225933045666,
      1.3150681141380336,
      1.3247791696181621,
      1.3323266220638579,
      1.3415848303972446,
      1.3474718433048873,
      1.3609566250078637,
      1.375347101004324,
      1.392706241629424,
      1.3997505305787403,
      1.4120277198904054,
      1.4273238901803489,
      1.4341669137311133,
      1.4368336802619257,
      1.4532871265935423,
      1.4742187280429386,
      1.4975655142749575,
      1.511352194075762,
      1.528912600099414,
      1.545064148333203,
      1.545064148333203,
      1.5561337452535566,
      1.5674549239221005,
      1.5674549239221005,
      1.5790780006884721,
      1.5790780006884721,
      1.580688123876887,
      1.5835561558062514,
      1.585921024239236,
      1.5885877907700485,
      1.5905501284059296,
      1.5905501284059296,
      1.5995567549911265,
      1.5995567549911265,
      1.6030788994657845,
      1.6067016766397186,
      1.6103244538136527,
      1.6103244538136527,
      1.6183247534060903,
      1.6183247534060903,
      1.6226519594749558,
      1.62577157315251,
      1.6276835944387529,
      1.6276835944387529,
      1.630853524465945,
      1.630853524465945,
      1.630853524465945,
      1.630903840815583,
      1.634325352590965,
      1.6359857921290182,
      1.6359857921290182,
      1.6403633145475218,
      1.6409671107431776,
      1.6409671107431776,
      1.6409671107431776,
      1.6464515928537165,
      1.6464515928537165,
      1.6464515928537165,
      1.6464515928537165,
      1.6464515928537165,
      1.6506781662233063,
      1.6506781662233063,
      1.6506781662233063,
      1.6506781662233063,
      1.6506781662233063,
      1.6506781662233063,
      1.653395249103757,
      1.653395249103757,
      1.653395249103757,
      1.653395249103757,
      1.6565148627813109,
      1.6565148627813109,
      1.6565148627813109,
      1.6565148627813109,
      1.6590306802632095,
      1.6590306802632095,
      1.6590306802632095,
      1.662200610290402,
      1.662200610290402,
      1.662200610290402,
      1.662200610290402,
      1.662200610290402,
      1.662200610290402,
      1.662200610290402
    ]
  },
  "R=E(f_A)+E(f_B)": {
    "epochs": [
      0,
      1,
      2,
      3,
      4,
      5,
      6,
      7,
      8,
      9,
      10,
      11,
      12,
      13,
      14,
      15,
      16,
      17,
      18,
      19,
      20,
      21,
      22,
      23,
      24,
      25,
      26,
      27,
      28,
      29,
      30,
      31,
      32,
      33,
      34,
      35,
      36,
      37,
      38,
      39,
      40,
      41,
      42,
      43,
      44,
      45,
      46,
      47,
      48,
      49,
      50,
      51,
      52,
      53,
      54,
      55,
      56,
      57,
      58,
      59,
      60,
      61,
      62,
      63,
      64,
      65,
      66,
      67,
      68,
      69,
      70,
      71,
      72,
      73,
      74,
      75,
      76,
      77,
      78,
      79,
      80,
      81,
      82,
      83,
      84,
      85,
      86,
      87,
      88,
      89,
      90,
      91,
      92,
      93,
      94,
      95,
      96,
      97,
      98,
      99,
      100,
      101,
      102,
      103,
      104,
      105,
      106,
      107,
      108,
      109,
      110,
      111,
      112,
      113,
      114,
      115,
      116,
      117,
      118,
      119,
      120,
      121,
      122,
      123,
      124,
      125,
      126,
      127,
      128,
      129,
      130,
      131,
      132,
      133,
      134,
      135,
      136,
      137,
      138,
      139,
      140,
      141,
      142,
      143,
      144,
      145,
      146,
      147,
      148,
      149,
      150,
      151,
      152,
      153,
      154,
      155,
      156,
      157,
      158,
      159,
      160,
      161,
      162,
      163
    ],