{
  "Monoxide": {
    "total_epochs": 1,
    "total_ctx": 190159,
    "total_itx": 59841,
    "avg_ctx_latency": 67.68093128907914,
    "avg_itx_latency": 31.568696529135547,
    "avg_latency_reduction": 0.0,
    "avg_ctx_priority_rate": 0.0
  },
  "R=0": {
    "total_epochs": 88,
    "total_ctx": 94160,
    "total_itx": 44035,
    "avg_ctx_latency": 65.54235771590909,
    "avg_itx_latency": 5.032400431818182,
    "avg_latency_reduction": 50.83738636363637,
    "avg_ctx_priority_rate": 74.27272727272727
  },
  "R=E(f_B)": {
    "total_epochs": 62,
    "total_ctx": 37446,
    "total_itx": 30971,
    "avg_ctx_latency": 35.68491270967743,
    "avg_itx_latency": 2.672707887096774,
    "avg_latency_reduction": 40.028225806451616,
    "avg_ctx_priority_rate": 58.71983870967742
  },
  "R=E(f_A)+E(f_B)": {
    "total_epochs": 76,
    "total_ctx": 94160,
    "total_itx": 44035,
    "avg_ctx_latency": 54.19454568421053,
    "avg_itx_latency": 34.69005680263158,
    "avg_latency_reduction": 20.570394736842104,
    "avg_ctx_priority_rate": 72.27776315789474
  },
  "R=1 ETH/CTX": {
    "total_epochs": 76,
    "total_ctx": 94160,
    "total_itx": 44035,
    "avg_ctx_latency": 56.39402282894737,
    "avg_itx_latency": 37.904495184210525,
    "avg_latency_reduction": 4.151578947368421,
    "avg_ctx_priority_rate": 72.23934210526315
  }
}